time,K_elv_angle,K_elbow_flexion,K_cross,K_e_xx,K_e_yy,K_e_zz,K_e_xy,K_e_xz,K_e_yz,lambda_min,lambda_max
0.0,30.33674047880597,23.8820801785314,5.599320813289783,155.45591414771923,11.245343965667203,1187.4548807208637,27.43481386874916,-203.28148424220635,-112.69842468322797,6.202452473762565,160.49880563962387
0.01,30.463609521495204,24.34237612008507,5.208790197779133,155.93984016390826,11.60377009740343,1228.5765174025862,27.990312638383756,-209.55450746253186,-116.5490873873142,6.3658435892137435,161.17776667209796
0.02,29.6132052455968,24.460154023249054,5.208797681980626,155.5915483337492,11.607281197586866,1221.513227472697,28.36657316590116,-214.34834573027325,-116.28514159811216,6.2202847055487025,160.97854482578737
0.03,28.781694622716095,24.57570262355484,5.208859654384406,155.24271884641013,11.610865895955474,1214.6035453558811,28.73230355229882,-219.01196499915812,-116.02776195217675,6.076468758952834,160.77711598341276
0.04,27.97516405104755,24.68820102340996,5.209000630095636,154.89177359989003,11.614496266433846,1207.8925924845087,29.083890944555854,-223.5014324485129,-115.7785781699195,5.935819521303208,160.57045034502067
0.05,27.19754676537473,24.79715400715105,5.209245097334834,154.53613647035775,11.618166873020579,1201.4091402452277,29.41872486883366,-227.78551451528935,-115.53869110939965,5.799419553280823,160.35488379009752
0.06,26.577478845400115,24.908282408387862,5.230913948176518,154.4120715863421,11.625206516054158,1196.1730713599736,29.715903874014288,-231.42031913760908,-115.36399299666094,5.687809803091583,160.3494682993047
0.07,27.76475560338591,25.47972508145263,6.812493531197516,164.47176268513746,11.429455234367953,1159.1055405967836,30.487885001497798,-232.49945155890524,-112.36753256473335,5.579509056154727,170.3217088633507
0.08,29.547738082227355,25.753960206004376,7.411116114200888,169.77574473967965,11.464443622577098,1166.4807971633677,30.510152765546724,-228.4273000119839,-112.73682563416199,5.787986832999404,175.45220152925737
0.09,31.598575827178724,25.870680916595507,7.504544653728118,172.56741355495004,11.613354949998225,1195.894218320207,30.143729393827925,-221.71976217870568,-114.77615994262985,6.153217280785501,178.02755122416278
0.1,33.56251428041892,25.98415224392474,7.58883053392751,175.19670905968465,11.758422163584028,1224.2977303435266,29.781761279092837,-215.19018482439762,-116.75427834777408,6.500719780298873,180.4544114429698
0.11,35.439490282595685,26.092152512244027,7.669193771833707,177.67537286897098,11.89679445688988,1251.3229600548593,29.42074227118448,-208.78785785349652,-118.63844688186106,6.830331486793071,182.7418358390678
0.12,37.2338382760338,26.19470177739976,7.745774302964446,180.00897810019444,12.028677604318757,1277.0146140444226,29.058513523176963,-202.4837420250657,-120.43167975285314,7.143957687244084,184.89369801726912
0.13,38.95042610138841,26.29187693715603,7.818697491372831,182.20419291213875,12.15433993752424,1301.4283992410913,28.6929039837961,-196.24805367914013,-122.13780751449102,7.443427078473648,186.91510577118936
0.14,40.594308213492425,26.38380266043051,7.888099371542107,184.2683704063589,12.274078382011737,1324.6240484045702,28.321766065382377,-190.0509707237904,-123.76098900286918,7.730451505384843,188.8119972829858
0.15,42.17035830988659,26.470608332073343,7.9541151398079695,186.2089783911656,12.388179781721954,1346.6587952435666,27.943005911843354,-183.86348304601577,-125.3052234748741,8.0065800575283,190.59057811535928
0.16,43.68314277750484,26.552420879752002,8.016877507604132,188.03354169545597,12.496908799527088,1367.5856963789206,27.554636253528837,-177.65815963296131,-126.77421450907575,8.273185639847696,192.25726485513536
0.17,45.13675848411996,26.629353229374974,8.076511258130079,189.7496365870778,12.600492275658338,1387.4522957886682,27.15489787408724,-171.41076147315215,-128.17123091700032,8.53142832440637,193.81870053832975
0.18,46.534729262344825,26.70148322248109,8.133116713969896,191.36436679905927,12.69911094423882,1406.2980534406488,26.74216865462717,-165.09940102760643,-129.49895126577613,8.782277764521794,195.2811999787763
0.19,47.88002358698161,26.768865476653318,8.1867737165297,192.88437860441078,12.792905459168178,1424.1545510171582,26.3149493831355,-158.7043214352203,-130.75950444950058,9.026536011602017,196.65074805197693
0.2,49.17512216669972,26.83153599458876,8.23754455781227,194.31597596733968,12.881981716920837,1441.046524853805,25.87185706577997,-152.2077418500928,-131.95454185638863,9.264856937872288,197.93310074638822
0.21,50.42215465774343,26.889508552760287,8.285476820663472,195.66533865556582,12.966415697203836,1456.9939975000952,25.4116230092748,-145.59372270523843,-133.08535349486567,9.497763419034243,199.1339909337354
0.22,51.623082229434566,26.942796705891322,8.330617512301096,196.93903176544745,13.046266501828535,1472.0166042679925,24.933184020742107,-138.84897071053143,-134.15312329215746,9.725650941780904,200.2596473254951
0.23,52.779752145522615,26.99139667668178,8.373002451448524,198.14373852414198,13.121579054530804,1486.1327850591185,24.435548651531587,-131.9612858540042,-135.15890640981354,9.948825716027063,201.3164918626457
0.24,53.8939255642513,27.03531701551373,8.412667413005977,199.28640352343038,13.192397298778634,1499.3604155165615,23.917800469666325,-124.9194459193373,-136.10372728348582,10.167521239871727,202.31127958233728
0.25,54.96728079601774,27.07456288081811,8.449643994079327,200.37417533383214,13.258758454976684,1511.716357468478,23.379075853551278,-117.71300113354026,-136.98852872047902,10.38189842332621,203.2510353654826
0.26,56.001429000815406,27.109144040019395,8.48396373438165,201.4145227525218,13.320695207513133,1523.217297763421,22.8186036407156,-110.33269169554795,-137.81422037702407,10.59204046065952,204.1431774993754
0.27,56.99792546244971,27.139066589421834,8.51565878413478,202.41530351714633,13.378228429238446,1533.8811063237852,22.23578704860621,-102.77142699452587,-138.58169873672446,10.797928878617489,204.9956030677673
0.28,57.958186613265404,27.164340305078817,8.544756446229913,203.38451837327295,13.431372060009794,1543.724751906952,21.630143565798434,-95.0236109986515,-139.2917839289357,10.9994622223249,205.81642821095787
0.29,58.88191411033187,27.182199394067844,8.573399529182257,204.32758893176526,13.478013767825958,1552.5210110001428,20.99885496788748,-87.05882071215815,-139.92251166852571,11.194859016398771,206.61074368319245
0.3,59.77271633918667,27.19818635108077,8.597783919585831,205.25897267413117,13.522202654607176,1560.739061011034,20.346807482448998,-78.92917003745164,-140.5174379517887,11.386813149773044,207.3943621789653
0.31,60.62992460296599,27.20953348016113,8.61965613146561,206.18228592940756,13.561934762771815,1568.1660892132716,19.671218727948684,-70.60636058021232,-141.05589519156288,11.573551012128348,208.17066968005105
0.32,61.453653865335966,27.216231609618234,8.639024974694065,207.10468581173623,13.597137933467305,1574.8046065962924,18.972281198663886,-62.0940526967528,-141.53761647720708,11.754561913050475,208.94726183215306
0.33,62.24180301362435,27.21654137307397,8.658366727248131,208.03519969828073,13.625965766177776,1580.4365678798865,18.249755509795836,-53.38962193565361,-141.942498953257,11.927644779486382,209.73352068497212
0.34,63.00573460459511,27.22236009756611,8.660420724681384,208.96145821761672,13.660413023684328,1586.5470664547213,17.508312352941036,-44.56222596048389,-142.40454143547743,12.103246579383397,210.51862466191767
0.35,63.73383225821383,27.22376985252651,8.659367642379605,209.90192699217076,13.690278582705137,1591.8796708142886,16.744625746425942,-35.566601419625016,-142.81020964399232,12.271556899110434,211.32064867576548
0.36,64.42414484415158,27.22074033281115,8.655225367678518,210.860385082354,13.715360050297795,1596.4102717717403,15.959708810720093,-26.417966739001304,-143.157370919164,12.431713371985293,212.1440317606665
0.37,65.07437916345317,27.2132157171698,8.647962992185871,211.83935923362557,13.7354403238881,1600.1144286155618,15.154829494945368,-17.1350121559208,-143.44380399232594,12.582811416397773,212.99198814111588
0.38,65.68213465890818,27.201133577244143,8.637546136598981,212.8405878798672,13.750299332807684,1602.9677466896403,14.331398787828904,-7.738168622641242,-143.6672671326527,12.72395291611431,213.86693429656057
0.39,66.24502208392703,27.18444846927706,8.623949405809146,213.86523999208333,13.759729647031275,1604.9474144476865,13.49093928615008,1.7509750459915052,-143.8256471864131,12.85427930640438,214.77069033271022
0.4,66.76121996192022,27.16315044781544,8.60717414370969,214.91489216511653,13.763572191501009,1606.0393966827514,12.634938334401623,11.312050843329859,-143.91745817437956,12.973039350048245,215.7054250065693
0.41,67.2297117374454,27.13726212204411,8.58725309638912,215.99196589701614,13.761727368370867,1606.2414295514475,11.764786848309551,20.92691043592405,-143.94202957532295,13.079609177916035,216.674084087471
0.42,67.65073920193629,27.106861222070282,8.564272399572975,217.10067425941185,13.754182925929717,1605.5698050898466,10.881733193722283,30.580848233785858,-143.89994625857298,13.173524013389125,217.68133317195245
0.43,68.02602005734875,27.07209300898009,8.538410421130708,218.2478798317348,13.74102040577269,1604.059060977221,9.986733408732203,40.2647094205164,-143.7930643899961,13.254493275057124,218.73440696245035
0.44,68.3588413635837,27.033165514826038,8.509799434646906,219.4430642391424,13.722462468615872,1601.7682867116423,9.080273324747205,49.9766282071962,-143.62507282811288,13.32244734691058,219.84307936084767
0.45,68.65391513584915,26.990348390707453,8.47871976463355,220.69923759183231,13.698798280345063,1598.7695357391744,8.162483802995228,59.7211747027074,-143.40054948971218,13.377432460710116,221.02060341146728
0.46,68.91694099863608,26.943964873066882,8.445471273130709,222.03190516790286,13.67039470767584,1595.1476056129097,7.233197107353492,69.50787212031945,-143.12504406189882,13.419598667540328,222.28270120803836
0.47,69.15376646093367,26.894352856974994,8.410362632896934,223.45740428383715,13.637634144424466,1590.9889866815424,6.292234172694201,79.34695797930657,-142.80426647863948,13.44910725551454,223.64593117274708
0.48,69.40309193224678,26.815386995007906,8.32489714912329,224.83238647212949,13.606336699916913,1587.887282247018,5.2713128322397695,89.87524900272744,-142.54651417654688,13.474868752738299,224.9638544193081
0.49,69.64463657102955,26.724040586826785,8.220302379917463,226.2818024037442,13.572985386392206,1584.8713054530917,4.213547769050269,100.7043282333988,-142.28546930586623,13.48955196827789,226.3652358218585
0.5,69.86293108423283,26.629709991472208,8.113874892955874,227.86053404703497,13.535430577193994,1581.3671333596385,3.1453984199442653,111.58313975940833,-141.98179071135453,13.489279187975823,227.90668543625316
0.51,70.04720828547657,26.53232810577996,8.005646877617371,229.5463684683673,13.493039719061594,1577.2534239812705,2.0719766267212947,122.44188463583934,-141.62676183937046,13.473171048662179,229.56623713876672
0.52,70.1775354228322,26.431583891563637,7.8954848643468605,231.2903712703992,13.444640194121787,1572.302641140837,1.001721503590924,133.1611898758882,-141.20416326047285,13.44003406872558,231.2949773957954
0.53,70.22346620328177,26.326896786208728,7.783064777525737,233.0101298705676,13.388453558753174,1566.1695329811107,-0.053002999213246096,143.56328018502433,-140.68941263410684,13.388440767129827,233.01014266219096
0.54,70.14397115834882,26.217396443093055,7.667858805349648,234.58540874927414,13.322105910063119,1558.3955681228836,-1.0756902932305799,153.40909411082436,-140.04979843497685,13.316876474159816,234.59063818517745
0.55,69.88928677957377,26.101981376986718,7.549179048279727,235.85877357181874,13.242762983915025,1548.436662093995,-2.046070395946407,162.4048537390543,-139.24638789541004,13.223959078179572,235.8775774775542
0.56,69.40480993002286,25.97944610022206,7.426268781512781,236.6424904375213,13.147390215960831,1535.7140347652933,-2.9412304354577428,170.21987321279138,-138.23760961931362,13.108689865265248,236.6811907882169
0.5700000000000001,68.6403749299073,25.84866775178335,7.298434346227518,236.7421009599029,13.033310261983013,1519.7244460683996,-3.7388361414675906,176.53519161132505,-136.9870136853773,12.970840686240138,236.80457053564578
0.58,67.55668794160793,25.708892482316802,7.165244961588454,235.9766600270932,12.898603753666356,1500.113531797879,-4.419456560238076,181.07897593111127,-135.46860819682166,12.811083103944659,236.06418067681489
0.59,66.13951790885396,25.560047107758017,7.026747610905687,234.225078616613,12.742913028425718,1476.8315480152876,-4.9720907273462895,183.70811823897614,-133.67794880218648,12.631349915399644,234.33664172963904
0.6,64.41184732019425,25.403104932155482,6.883716871673396,231.4737479440249,12.568116771550327,1450.2578418463906,-5.399187860408154,184.48198905594805,-131.6411989361218,12.435029663568562,231.60683505200666
0.61,62.44561755281672,25.240413418187188,6.737873791838174,227.86942903370425,12.378947075658944,1421.312252171257,-5.7218416854328416,183.73771354579242,-129.4233318353573,12.227124026503244,228.02125208285995
0.62,60.36969633556717,25.0758907489242,6.592008817376809,223.7664032910038,12.183356857121085,1391.5161056217532,-5.983831999342502,182.14737285800686,-127.13281633755301,12.014261776711058,223.93549837141381
0.63,58.37184461767975,24.915101777305964,6.450026432128228,219.75934503767593,11.992496134156548,1362.98300237305,-6.253715825145666,180.74486786826492,-124.9211801763186,11.804431514960113,219.94740965687237
0.64,56.691375995863666,24.765038567889576,6.316782409646076,216.68592252424475,11.820148426766604,1338.3061970863255,-6.623311939451788,180.89912451586724,-122.97517221834231,11.606240054571947,216.89983089643943
0.65,55.59970763961766,24.6336125002885,6.1977234253702225,215.5835519124628,11.681509825018455,1320.3208646759067,-7.201130642308108,184.213497900688,-121.49992926367919,11.427506655715414,215.83755508176586
0.66,55.37251744508493,24.528805488957317,6.098295348934723,217.60578204085905,11.591513044448103,1311.7883200783451,-8.102125478680547,192.371359597688,-120.69627030634663,11.273364117909578,217.9239309673976
0.67,56.24699451709536,24.457466951460336,6.023112876601219,223.86875498909737,11.562395245373214,1314.9415359990287,-9.430824695500641,206.88608487706585,-120.72784328315541,11.144293566598165,224.28685666787243
0.68,58.36421722221559,24.423771233143164,5.97491697737032,235.21575574890053,11.600600359536534,1330.9060163352847,-11.256927103022317,228.74605191735088,-121.67916725385784,11.035348429993487,235.7810076784436
0.6900000000000001,61.708284416919746,24.427338913907473,5.953311374956357,251.93577867401586,11.703596516818806,1359.1213176404735,-13.58861654084552,258.0284626884877,-123.51317038032042,10.93740669579037,252.70196849504433
0.7000000000000001,66.02891481150176,24.46119721586251,5.953403094255,273.3800641531735,11.856026712394991,1396.636198186958,-16.33748496432538,293.3963060699824,-126.01954375973945,10.839371305325413,274.3967195602431
0.71,70.77135571619628,24.509703649685065,5.964418673693703,297.5595465129101,12.026463634739049,1437.5252134678024,-19.284826336630516,331.62066761134906,-128.7715246827632,10.729859608677513,298.85615053897163
0.72,75.0168993840377,24.546861018955486,5.968686751933838,320.73827886433054,12.165014269906958,1472.45484971266,-22.050225595379125,367.14446894426214,-131.09364688829126,10.59729996612674,322.3059931681107
0.73,77.45640208739091,24.535486659414016,5.941005268687676,337.13926030517257,12.202698701907691,1488.6174959310902,-24.07515095318025,391.85989228032616,-132.0551993132557,10.428612374785853,338.9133466322944
0.74,76.424396241012,24.428049093059784,5.849400500037392,338.9007790210468,12.054072770090995,1470.257020883988,-24.631442335084376,395.25285808074835,-130.5068862032139,10.208250613905332,340.7466011772325
0.75,70.02268747004705,24.170044950845426,5.657437484104432,316.4572583550363,11.624500315812398,1400.036769586754,-22.869399909310186,365.1187717416093,-125.17941663075786,9.918324056639918,318.16343461420877
0.76,56.210248592591576,24.21373173834168,5.55265552807652,258.8889464529885,10.962644017024449,1271.7082358511218,-17.533733181467362,284.94531531392914,-116.0734731946412,9.728771871145431,260.12281859886747
0.77,33.37656965701636,24.614702822564333,5.551807905128337,156.32825338035326,10.021695916230582,1074.5713724622572,-7.825912950970558,143.49433467480037,-102.47060935437626,9.604280056173065,156.7456692404108
0.78,29.547349624560354,25.14098846403641,5.5740313185793955,140.28912204776762,9.99173695420307,1057.5132269148323,-6.783857621522453,125.32549794351551,-101.65084701746326,9.63949160858374,140.64136739338693
0.79,40.354184109372724,25.708604905322932,5.741845941946181,195.18607497753482,10.586365535929554,1167.6757793255833,-12.36363472594247,201.8169534368558,-109.74401886504225,9.761987937116244,196.01045257634811
0.8,52.989058007572936,26.33535296821614,5.927318125206608,261.57559282451126,11.265868842542066,1293.4677869767502,-18.869296037199895,291.2568475738443,-118.98617439463884,9.85142249646618,262.9900391705871
0.81,66.3349684396817,26.934038406123683,6.107691675067431,334.40067322598884,11.950177196251131,1422.0053567997795,-25.81156431297551,386.6062701696729,-128.37712478389886,9.897081730611694,336.4537686916283
0.8200000000000001,81.49843130681288,27.465170598615554,6.477740281194,419.28743705363826,12.622430670985436,1553.9334806364668,-33.391911223626266,491.9987861192698,-137.8239525552401,9.898809009840395,422.0110587147833
0.8300000000000001,85.28161602437933,73.13035013061113,11.051322533577974,444.69084126857894,29.366281649840644,3230.348901334319,-37.966866440515574,544.2321087069364,-305.29270394067237,25.924072158445103,448.1330507599745
0.84,84.56049438225094,76.51103644712717,11.107956434436433,448.67946360262374,30.445936787640566,3351.2194073992223,-40.20237443701318,565.3656896287374,-316.80767362034703,26.61657637880479,452.5088240114595
0.85,84.13261698481588,78.12879302923578,11.427279583622866,452.73907848619587,30.801413989465967,3395.73557791481,-41.62040112517538,578.8113988018031,-320.86556462335193,26.73511894449949,456.80537353116233
0.86,83.5678546727452,81.18280487089456,11.297971650586968,455.9449701507311,31.844636352640226,3513.7753085520094,-43.75164163693062,599.4720044270888,-332.02860739711,27.37810775722864,460.4114987461427
0.87,70.31076499213452,36.03469423463354,6.130744767475162,388.1604822221393,15.171562868084788,1790.944838499702,-34.15916692340374,478.5874683495197,-162.98497560041235,12.068996790151147,391.26304830007297
0.88,50.498443821586505,37.89208439838119,5.764238559191715,280.4287742801414,15.113443926340494,1714.1340206625005,-26.153470450578997,359.80493107413207,-159.54987036662527,12.559940382621066,282.98227782386084
0.89,28.23523731390641,40.31299672356369,5.534894559029268,156.91151122916193,15.145143366521772,1636.4257821282688,-16.861032461101097,223.20209867222576,-156.59538659519492,13.167362578071238,158.88929201761246
0.9,77.78315750190066,45.94378665935205,14.957991195813467,419.8053975643054,16.927214697736858,1923.7815265600696,-27.97895450941964,426.0796120866401,-178.27440115883925,14.993423344482368,421.7391889175599
0.91,150.72087344985567,47.427060786229205,18.21029598625901,832.4801109028535,19.610023864096487,2455.27346920893,-58.875017171602124,877.3348963938907,-215.81021923324113,15.367928687448297,836.7222060795018
0.92,208.80286465140586,46.46823171194815,20.10527624443147,1166.5495289509188,21.081247407635566,2814.4530066801067,-84.05175298363044,1242.817055475142,-239.1907501898018,14.946583366777528,1172.6841929917769
0.93,250.56523640814737,43.280737786991004,18.390835953880142,1419.313644164999,21.920906835378982,3078.8269515941365,-106.42365882954225,1550.728290104391,-255.2074277024847,13.862289140659371,1427.3722618597185
0.94,273.508347192102,39.189231500474804,15.649708516861839,1570.1550995694095,21.88954988711705,3188.6250995078976,-121.11460536934092,1745.5340381404199,-259.78486399777125,12.472517302453241,1579.5721321540732
0.95,277.11531476996623,35.95674232818475,13.352285748704103,1611.6677426960207,21.272075533816448,3158.442516971163,-126.11852661361605,1805.0675401631952,-255.10529210973138,11.332978346451348,1621.6068398833859
0.96,262.5688114786266,34.014103883201166,11.770004340511253,1547.595681436978,20.219184715343467,3007.595382265673,-121.71445009809551,1734.1250300211912,-242.8407214857077,10.580756924939962,1557.2341092273816
0.97,233.0012000141333,31.17484375477904,9.950227013336441,1393.9470719261253,18.293657390100947,2711.463250107038,-110.04259308025483,1560.7749737237402,-219.4398322010797,9.546641694791553,1402.6940876214346
0.98,192.12332215135154,27.840554736793255,8.014365395596144,1168.056303343797,15.790346800977428,2314.747786325697,-92.72151334656346,1308.3105301463895,-188.4716330472853,8.376850754221458,1175.469799390553
0.99,144.36479828306247,25.80401497803218,6.70524310772395,891.3614221190428,13.383779277124288,1900.475049828177,-71.38450661673056,1001.1516344776461,-157.31096286269488,7.617687158641122,897.1275142375259
1.0,95.21718786561895,24.178596567951608,5.624651226019774,596.6833770016439,11.063011050241647,1491.2759351521922,-48.99080743187245,680.0888576744749,-126.84547654096052,6.992910970482213,600.7534770814033
1.01,48.93902960429278,24.54127071513874,5.459051189328038,308.943090418703,9.397810721491275,1158.7556014961078,-27.287699535826068,370.52069304483905,-103.3794651418374,6.932274696968249,311.408626443226
1.02,23.632548366011804,25.128559939795117,5.447339385102586,149.18719120205725,8.593931198709226,992.5961098442042,-15.694198772422451,204.01633767295377,-91.8501530789547,6.8633159059770295,150.91780649478946
1.03,31.194003326108525,25.548171073375087,5.459329309206013,202.04737154372594,8.955264709902991,1064.5824657300946,-20.16605830149632,264.8173249378566,-97.00879091821312,6.871655561232945,204.13098069239598
1.04,36.46145038571569,25.80635987371952,5.482322088571671,240.68882808937005,9.166604496807832,1112.1303585809849,-23.403883213328932,308.69169025292956,-100.2687116248998,6.824470132053074,243.0309624541248
1.05,39.598493100243864,25.94115877246844,5.486968669669038,265.783345319844,9.257334997804598,1139.3970269078623,-25.548314693810468,337.39041901884343,-101.97722399909826,6.73763917497958,268.30304114266903
1.06,40.985349051113225,25.972461455982817,5.477857132493612,279.3982408105698,9.249865593039575,1150.127662229687,-26.782885160117267,353.4799864816337,-102.42094276633911,6.620171282419769,282.02793512118956
1.07,41.08190586665151,25.92536126820668,5.459495686239277,284.27476204359687,9.170830265094272,1148.7549406047287,-27.334313035612094,360.13283375813694,-101.93985105505435,6.481190383709209,286.9644019249819
1.08,40.3453248394296,25.82530363421788,5.435879931230443,283.2910453376818,9.046185585046114,1139.6125789533944,-27.431860451756283,360.55535986710487,-100.8659891497552,6.32917988244604,286.0080510402819
1.09,39.17401305398691,25.694947498736088,5.410124508655098,279.0657367358641,8.898195038462028,1126.43186121243,-27.278480613936956,357.5840923307282,-99.4848533779567,6.171441429452266,281.79249034487384
1.1,37.87835021088748,25.55251027066777,5.384326304113774,273.71984440365304,8.744037028233992,1112.098284862141,-27.034644210139426,353.46096025070403,-98.01707325310355,6.0139071141616105,276.44997431772543
1.11,36.673790340847425,25.4111639763847,5.359667060784179,268.7884459823498,8.595535699106545,1098.6031694482813,-26.81369115922534,349.76876529046166,-96.61478483160964,5.861039349751162,271.52294233170517
1.12,35.68847827220496,25.279253124330655,5.3366146430401775,265.2403560801462,8.459605133519068,1087.1216017833633,-26.685275480051704,347.47786697667595,-95.36746775696605,5.715727104459401,267.9842341092059
1.13,34.97899234692603,25.16097568409036,5.315201278095973,263.5516389070864,8.33923089945954,1078.165872386184,-26.68188794630997,347.0398059938215,-94.31401276054702,5.5795404191622415,266.3113293873837
1.14,34.54852369025347,25.057307380885117,5.295210375404664,263.8112135814206,8.234529578787248,1071.7583621415363,-26.80760216844661,348.509539705936,-93.4561033075328,5.45293673495215,266.59280642525573
1.15,34.36424636840707,24.96693116816759,5.276322977772135,265.83208841448453,8.143712835225546,1067.5925064103128,-27.04689584087437,351.6678910505092,-92.77056265666029,5.335482106255782,268.6403191434543
1.16,34.372229481239664,24.88710861057513,5.25821499139661,269.2523463134009,8.063917395324266,1065.1716144810973,-27.37239030720463,356.12904608316086,-92.2199989917306,5.226139433866805,272.09012427485834
1.17,34.512032070349356,24.814467262079642,5.2406001411374525,273.6401326130907,7.991974628060524,1063.940876032634,-27.752487332196893,361.4475111094487,-91.76280848432336,5.123620105166815,276.5084871359844
1.18,34.72258686985247,24.745583913156548,5.223277234952722,278.5395584469714,7.9247751629074985,1063.3470258851103,-28.154822060915308,367.1651404327154,-91.3578126322359,5.026579948792345,281.43775366108656
1.19,34.950282663414065,24.677410723978632,5.206122455897392,283.53566740978266,7.859653967890308,1062.9076527298514,-28.550731237934546,372.8737549489926,-90.96940103200845,4.933814652205422,286.46150672546753
1.2,35.15552048330513,24.607626687267057,5.189069648248332,288.31014206594955,7.794691589644462,1062.2668809235035,-28.918899726361516,378.2668884440274,-90.57161036515991,4.844413383979504,291.2604202716145
1.21,35.309785305459066,24.534671816928917,5.17212038475252,292.623678426072,7.728596187092691,1061.1744916426449,-29.244000930431504,383.1207625617748,-90.1465711300659,4.757728700904863,295.59454591225983
1.22,35.39742752446105,24.457774866126773,5.155309452655636,296.33539603718157,7.6607350125424265,1059.4978074909918,-29.517784089819486,387.3104763233695,-89.68518090579343,4.673374596980602,299.3227564527434
1.23,35.43286501920376,24.377105770567148,5.138450398578768,299.54665635491585,7.591744410968967,1057.3450285510714,-29.748159741157732,390.94114195902137,-89.19575694434806,4.5914481511582075,302.5469526147266
1.24,35.359361115705575,24.224508595800746,5.227616861763981,300.6254110272989,7.478675815608618,1048.1251812555486,-29.64926822931674,390.52758440943865,-88.14576785675182,4.509971756479876,303.5941150864277
1.25,35.26893358665919,24.135783550678102,5.211431938592138,302.58979032834816,7.4070197649479095,1044.8400453613524,-29.78017168668625,392.8278746697421,-87.59089127764682,4.432553556146518,305.56425653714956
1.26,35.12739037439676,24.045585103356142,5.19527432163397,304.03051949937253,7.335212153741035,1041.177097967657,-29.871175980678544,394.589341151995,-87.01827604947265,4.357674583663089,307.0080570694505
1.27,34.94547859842951,23.95484177174921,5.1793032493146045,305.02732224820414,7.263875818417271,1037.237601808291,-29.928574733396626,395.8945708891605,-86.4359079430196,4.28550851243473,308.0056895541867
1.28,34.733277259217786,23.864473786399774,5.16361492210266,305.65788499661005,7.193603474768495,1033.1193074586013,-29.95846099582186,396.82367244784956,-85.85144937048246,4.216213583612653,308.6352748877659
1.29,34.49899915596496,23.775258859624138,5.148299314080752,305.9865740319656,7.124876492983561,1028.9014659733937,-29.965893704949565,397.44257611617553,-85.27113676381573,4.149907297716975,308.96154322723214
1.3,34.248417195783944,23.687798637516075,5.133426954055648,306.0590736195389,7.058044763505521,1024.6405369753973,-29.95460012080507,397.798583758767,-84.69948626780139,4.086653967513937,309.03046441553045
1.31,33.984743016739806,23.602514772792336,5.119059844607039,305.90072330842247,6.993320915988146,1020.369462085312,-29.926895165840506,397.91921142924235,-84.13923025585358,4.026459668959577,308.86758455545106
1.32,33.711047560682964,23.51968633782962,5.105201466613199,305.5372698005615,6.930863351644374,1016.117007571895,-29.88502023995988,397.83183602221027,-83.59259921568037,3.969294130777339,308.4988390214285
1.33,33.426739341124865,23.4394273555122,5.0918842531239905,304.96369047712415,6.8706651845586295,1011.8812294203393,-29.829196160239285,397.53503777390046,-83.05958082801467,3.9150598338063576,307.91929582787645
1.34,33.130850742442256,23.361768616085165,5.079113882228135,304.17197309609617,6.812689557839216,1007.6551477484319,-29.7594117581863,397.0242565775725,-82.53977278935318,3.863645172963013,307.1210174809724
1.35,32.8217473500089,23.28668892955277,5.0668910962537534,303.1484609188002,6.756867296256348,1003.4255442905039,-29.6752699070911,396.28950321718526,-82.03232127957033,3.814926144481794,306.0904020705748
1.36,32.4975014506885,23.2141168831028,5.055218505099468,301.87701222538647,6.703103564180304,999.1754408747069,-29.576165952003638,395.3181470910826,-81.53606016287804,3.768768101598385,304.81134768796835
1.37,32.15619097857266,23.14395300116272,5.044082166061412,300.34222981926445,6.651285500048667,994.8882741105965,-29.461511498304493,394.0984924062641,-81.04972570749327,3.725020160411046,303.26849515890206
1.38,31.796085497017536,23.076076304873407,5.0334769950298845,298.53040313934434,6.601295452645305,990.5476696764786,-29.330760585927617,392.6198982410127,-80.57202538015554,3.6835316916631617,301.44816690032644
1.39,31.41575634266146,23.01039225996662,5.023390802478819,296.43069606558413,6.553033906022295,986.1403261696897,-29.18353367277405,390.8743037791654,-80.10189480601584,3.644161613707494,299.33956835789894
1.4,31.014102160213785,22.946823244297054,5.0138097764241305,294.035329897064,6.506416128725422,981.6556025890534,-29.019611190018793,388.8562031826103,-79.63846012187719,3.6067775538491307,296.9349684719403
1.41,30.589261401685043,22.885344485522964,5.004681659895597,291.3309586794829,6.461354642721195,977.0817059064117,-28.838517626202638,386.5563062187776,-79.18078389511395,3.5712347623026313,294.22107855990146
1.42,30.143367700674013,22.8274334525572,4.994757665836805,288.3586412642532,6.41849438386002,972.5328540530635,-28.645533709815897,384.0423991575488,-78.73752196735066,3.53750523759318,291.2396304105201
1.43,29.67507200543756,22.773587167756506,4.9835822019723715,285.1176583648807,6.377957101605749,968.035915122078,-28.441749319592027,381.3265956684652,-78.31057882347012,3.5054498736961466,287.9901655927903
1.44,29.18301170048375,22.721291718307274,4.9730356728660725,281.56946134633904,6.338602671138519,963.4180199505154,-28.220730624413346,378.3278505037332,-77.88596577987661,3.474795006440991,284.4332690110366
1.45,28.666589903143855,22.670450168539332,4.963084758176479,277.71266493385093,6.300337985146886,958.6722728062888,-27.98246985405681,375.0457238331265,-77.46287485363541,3.4453906669653733,280.5676122520324
1.46,28.12505856097396,22.620944792835463,4.953665292947632,273.54518856238934,6.263061787420682,953.7910599833209,-27.72691444216816,371.47935941685006,-77.04041433879432,3.4170722804237794,276.3911780693862
1.47,27.557456015668368,22.5726298533499,4.944795418293858,269.0628120625464,6.226631374146944,948.7623344333291,-27.453743651563435,367.62493651744376,-76.61725351163221,3.389656598992604,271.89978683770073
1.48,26.96035984090603,22.609246954534584,4.941428021986827,264.5046702955968,6.213512492179745,946.8868431451117,-27.239131833669557,364.40170543613937,-76.46575590251818,3.372156991617025,267.34602579615955
1.49,26.334747657258852,22.652902273944523,4.93882995515665,259.64286081104433,6.2025757308326295,945.0874776264211,-27.012249485184576,360.95656880823566,-76.3309340614488,3.3555304970479845,262.48990604482896
1.5,25.67959449872526,22.697928346272832,4.9366324845993415,254.45591413772053,6.192201929310294,943.1344405827417,-26.76767133271271,357.2241135714076,-76.19351282789114,3.3389174522205654,257.30919861481027
1.51,24.99380041637762,22.744409301865588,4.934810574006425,248.94002068168385,6.182320620641012,941.025567819565,-26.505254333923713,353.20298419840987,-76.05299009683364,3.322071563806718,251.80026973851815
1.52,24.276355608972192,22.792414387866792,4.9333319329647995,243.09316267918663,6.1728424366751,938.7595524737856,-26.22495697901162,348.89384765343226,-75.90877944738037,3.304696279039108,245.96130883682264
1.53,23.526425612820564,22.84198921360456,4.932162232176285,236.91500536300143,6.163671751961671,936.3354457963087,-25.92681729874509,344.29877646771945,-75.76026702044928,3.28645552260223,239.79222159236087
1.54,22.74349023272647,22.893163375567234,4.931266886302062,230.40785264806954,6.154716882028665,933.7536186445788,-25.611011016753814,339.42198525942075,-75.60691258837085,3.266976478967255,233.29559305113094
1.55,21.927559853045427,22.945937031249223,4.93061108375517,223.57844859691173,6.145892334477818,931.0165279901601,-25.277943830278012,334.27123046260823,-75.44829333852839,3.245847398722116,226.47849353266741
1.56,21.07951475594616,23.000258172302548,4.93015984082371,216.4408227062517,6.137121693509267,928.1298707728903,-24.928393786618955,328.86000167365745,-75.28416618301654,3.22261998192606,219.3553244178349
1.57,20.201626623388606,23.055990332845532,4.9298780486023475,209.0206865347506,6.128342806303365,925.104442405482,-24.563732015556827,323.2109171213429,-75.11457133458711,3.196822051664752,211.9522072893892
1.58,19.298140089457988,23.112893071904583,4.929730512651965,201.3604065928167,6.119518270683483,921.9588994340827,-24.186186524834643,317.35972601969286,-74.94000470269313,3.16798454119642,204.31194032230377
1.59,18.375690787255056,23.170588388227447,4.929681985328879,193.5224885369233,6.110637263928573,918.7209388552543,-23.799010920456304,311.3579342192029,-74.76147397474088,3.1356784393041903,196.49744736154767
1.6,17.443180617804135,23.2345504611601,4.929697190742165,185.61180045386385,6.103385327099465,915.6756434974255,-23.412676027165258,305.3481600870716,-74.60086390203793,3.0999992709634117,188.61518650999992
